351511043,Topsy89
138110212,SpaghettiCr8ive
52694533,darbs1962
172245894,JoJoDonovan
749330570,actionjulez
299127565,Sidavfc66
94185107,Riz_1902_BITW
49973785,Delta_25
20154909,SJ54ORE
356244639,Drosdzowski
107782177,isalihinabrahim
53673251,SteveDeery
1002239622,MichaelPiliOCod
20924966,english_rob
20722738,ant57
68096952,suttongary
37515459,simons_tweet
89726534,HayleyKav87
229191240,RichardYallop
243793482,DazAvfcWilkes
159217870,VillanPaul1967
228157008,PaulRStoke
2736778577,SeanR_Music
162141475,statetrampss
1213717592,_Andy_Smith_97
23300316,SW11LLO
215255392,MelissaM200489
106797159,gerardromero
243830000,ceehodge
36115833,claireperkins80
20500220,philgreig
