73201538,jtwarnes
234893995,v15h4l7
231426310,LilyPower1
143231879,mattjohnson333
225823881,KeaveT
2501710360,IanGabelli
20642584,manek43509
107782177,isalihinabrahim
19547938,Warnerbro
485717411,OfficialBell93
15445126,thatpoliticsguy
25268907,lcfcian1
47592877,JemzieT
205211950,GeordieMatt
40219068,davencfc
21397566,hnutt26
404444996,ryan27godwin
363244150,Lblock299
234821320,BasicallyGibbs
27916239,paulwmaguire
254881232,zainalazzan
431999448,the_revellator
16143837,michaeljbailey
2680205410,ollieg21296
20490212,Draz1k
28318317,kristanreed
92110575,Stressford_Poet
41376118,narwichboy
180399992,music4004
20258812,kate_m74
